farmgate_price,farmer_share,transport_cost,leakage
4.30971293205312,50.702505082977886,1.6347901496322328,0.17549691831464725
4.19158219597561,49.31273171736012,1.714309076071719,0.21410872795267122
4.674732044762248,54.99684758543821,1.1486816853130637,0.29658626992468845
4.560877297229916,53.657379967410776,1.4921882517631255,0.06693445100695895
4.176262640995912,49.13250165877543,1.7721576575901563,0.17157970141393164
4.348528890320603,51.159163415536504,1.6908052475641628,0.08066586211523395
4.654495445559876,54.75876994776324,1.2653737549650845,0.20013079947503964
4.5187496330827965,53.16176038920937,1.534034700026438,0.0672156668907656
4.590300761639394,54.003538372228164,1.3131002409208261,0.21659899743978023
4.734929877311688,55.70505738013751,1.3346487696548353,0.05042135303347621
4.293021597225756,50.506136437950076,1.7207164741860712,0.10626192858817259
3.9143416540451446,46.051078282884056,1.946772330591974,0.25888601536288197
3.9537024929535907,46.5141469759246,2.0454490740941296,0.12084843295227997
4.316906049070354,50.787129989063,1.6930110214369198,0.11008292949272526
4.36058195948791,51.30096422926953,1.5928599894356748,0.16655805107641564
4.6768789885702144,55.02210574788487,1.2480824169492686,0.1950385944805162
4.173941145448197,49.10518994644937,1.772785564203931,0.1732732903478716
4.280328961332735,50.35681130979688,1.6316990339395383,0.2079720047277267
3.990763803606369,46.95016239536904,1.8869636732254091,0.24227252316822195
4.344418844018382,51.11080992962803,1.6608924026286984,0.11468875335291982
4.675076475986081,55.0008997174833,1.3031422740618268,0.14178124995209268
4.373386818979516,51.45160963505313,1.5464617106771528,0.2001514703433312
4.518078824853663,53.15386852769015,1.5248964973961874,0.07702467775014961
4.279938733290421,50.35222039165201,1.7012827102385384,0.1387785564710412
4.46982457840307,52.58617151062436,1.4280023612995536,0.22217306029737544
3.9556936115379426,46.53757190044638,1.9258135546034416,0.23849283385861636
3.9606892004801963,46.59634353506114,1.8994426031580918,0.25986819636171193
4.204575567007972,49.46559490597615,1.8336090790261141,0.08181535396591443
4.226843586651002,49.72757160765885,1.7043912816270939,0.18876513172190468
4.2771271243066025,50.319142638901205,1.7125766136168694,0.13029626207652806
3.8924046819598423,45.79299625835109,2.0204115709332164,0.20718374710694126
4.397364353880682,51.73369828094919,1.6238871664675025,0.09874847965181537
4.121801320578642,48.491780242101676,1.8854571147205115,0.11274156470084541
3.890840221635851,45.774590842774714,1.9616841369020013,0.26747564146214764
4.293090060768462,50.506941891393666,1.6984173747923705,0.1284925644391683
4.320023812306738,50.82380955654986,1.5648094233044338,0.23516676438882794
4.386608360303001,51.6071571800353,1.548413266009081,0.18497837368791903
4.439859900292603,52.23364588579533,1.5695021983933977,0.11063790131399916
3.9523801248962993,46.49858970466234,1.9791409992646163,0.18847887583908457
4.067357964238169,47.85127016750787,1.7831513972085513,0.2694906385532794
4.279105687260225,50.342419850120294,1.6999905059371003,0.14090380680267456
4.0238012713365965,47.3388384863129,2.0213150259019,0.07488370276150387
4.303348458633588,50.62762892510103,1.7158403873095711,0.10081115405684136
4.479105375160922,52.695357354834385,1.507633521705286,0.13326110313379103
4.433926906822089,52.16384596261281,1.622780206897573,0.06329288628033854
4.140005273619378,48.705944395522096,1.8552528069543712,0.1247419194262508
4.469799277255603,52.58587385006592,1.362973737043116,0.2872269857012809
4.586226378164612,53.955604448995444,1.3671684607814936,0.1666051610538946
3.9240302822404702,46.16506214400553,2.0043384808092752,0.1916312369502549
4.195571836070519,49.35966865965316,1.6865060770814404,0.23792208684804117
4.545174490195515,53.4726410611237,1.4231746031264187,0.1516509066780669
4.391643588987666,51.666395164560775,1.4563522972509506,0.27200411376138295
4.217535083081933,49.61805980096392,1.7911499014759833,0.11131501544208385
4.547148136364397,53.49586042781643,1.3122195395026819,0.26063232413292103
4.134925112609379,48.646177795404455,1.6993812603008973,0.2856936270897244
4.3812661560509305,51.54430771824624,1.6215031951742387,0.11723064877483087
4.655056066121085,54.76536548377746,1.3331956443683883,0.13174828951052653
4.535314523050657,53.35664144765479,1.367930519250034,0.2167549576993098
4.64611246780766,54.660146680090115,1.4226458880912574,0.051241644101082465
4.178980561150557,49.16447719000656,1.7090344261945807,0.23198501265486177
4.272973247941064,50.27027350518898,1.796990855839808,0.05003589621912842
4.264796762072615,50.17407955379547,1.78321743955515,0.07198579837223444
4.328446405953326,50.92289889356854,1.5788325098114422,0.21272108423523245
4.346630272206544,51.13682673184169,1.4840054174216946,0.28936431037176163
3.9056788904207402,45.94916341671459,1.9276027372870392,0.2867183722922203
3.991459800463165,46.958350593684294,1.8779029523085324,0.2506372472283029
3.898474361194404,45.86440424934593,2.0324530343473324,0.18907260445826374
4.159105619192827,48.93065434344502,1.7893670994104296,0.17152728139674323
4.477408206815886,52.67539066842218,1.5625985690870072,0.0799932240971074
4.397905874380768,51.740069110361986,1.495131679578637,0.22696244604059546
4.28782334563474,50.44498053687929,1.6141749304378794,0.21800172392738137
4.3203610542365,50.827777108664705,1.5517260011058394,0.24791294465766084
4.479194791207632,52.69640930832509,1.5804038819836805,0.060401326808687664
4.3588755593837005,51.28088893392588,1.5242205458345601,0.23690389478173957
4.541118827477826,53.42492738209207,1.3527537719383067,0.22612740058386782
4.333026904307252,50.97678710949708,1.6168291528341312,0.17014394285861734
4.095598077046605,48.18350678878359,1.9052291941034292,0.11917272884996498
4.623022952364921,54.38850532194025,1.2927546871648437,0.20422236047023584
4.058593694005174,47.748161105943225,1.877781816030244,0.18362448996458147
3.969948474549075,46.705276171165586,2.0163191561426963,0.13373236930822868
4.212766049645961,49.56195352524661,1.6399138997749285,0.2673200505791105
4.043129720752603,47.56623200885415,1.938989049790746,0.13788122945665093
4.574890953439948,53.82224651105821,1.3709226079828554,0.1741864385771968
4.636023629032357,54.541454459204196,1.312219158378978,0.1717572125886656
3.9409337365754653,46.36392631265253,2.121564184938808,0.05750207848572665
4.81477461836178,56.644407274844475,1.1772377931573776,0.12798758848084157
4.2421011456065365,49.90707230125337,1.8132811442148133,0.0646177101786501
4.3521667813608245,51.20196213365675,1.6585729891846066,0.10926022945456891
4.034723349282403,47.46733352096944,1.9426425362152806,0.14263411450231733
3.759658016124477,44.23127077793502,2.1405749449044085,0.21976703897111483
4.369462876163352,51.405445601921784,1.6571053246436744,0.09343179919297341
4.112998564358428,48.3882184042168,1.7394780652251502,0.26752337041642155
4.118476451533866,48.45266413569254,1.913660314157913,0.0878632343082215
3.858227092254803,45.390906967703565,1.9955762560505912,0.26619665169460577
4.114857331159759,48.41008624893834,1.7657004208318658,0.2394422480083752
4.060955414831961,47.7759460568466,1.8174338838098107,0.24161070135822937
4.055642106455755,47.7134365465383,1.8010337199323943,0.26332417361185084
4.424601497766167,52.05413526783725,1.535354758262547,0.1600437439712865
4.606678210922979,54.1962142461527,1.4443829269089163,0.068938862168105
4.833991038672285,56.87048280790924,1.1747429975295594,0.11126596379815541
4.294262063925808,50.52073016383303,1.6211396775517448,0.20459825852244756
4.454302363842383,52.40355722167509,1.6102201832292637,0.05547745292835331
4.362466372215427,51.323133790769724,1.675522039973817,0.08201158781075633
4.726320782758331,55.6037739148039,1.3337881579542015,0.05989105928746703
4.263517317340005,50.159027262823585,1.5665904250358695,0.2898922576241256
3.9654795276722314,46.652700325555664,1.9052327521489008,0.24928772017886824
4.198738843740196,49.39692757341407,1.8677601243374244,0.05350103192237994
4.287464047849718,50.44075350411433,1.657313141395338,0.17522281075494456
4.120669686900093,48.47846690470698,1.801104735789891,0.19822557731001622
4.2165859981513,49.606894095897644,1.6795115917833785,0.22390241006532202
4.583142337666518,53.919321619606094,1.2820581220229044,0.254799540310578
4.368754083527065,51.3971068650243,1.5597084456482049,0.19153747082473
4.488927793653285,52.81091521945041,1.5321830709940343,0.09888913535268075
4.398577908206321,51.7479753906626,1.5644390730205568,0.15698301877312204
4.180890230521238,49.18694388848516,1.7859929414826574,0.1531168279961046
4.589470836480649,53.99377454683116,1.4527239733503958,0.07780519016895547
3.949943727139903,46.46992620164592,1.9469378579476266,0.2231184149124703
4.115812957743908,48.421328914634216,1.9209105043839683,0.08327653787212323
4.07957467353317,47.99499615921376,1.8958585567842927,0.1445667696825378
4.278071697564223,50.330255265461446,1.7896380974905721,0.05229020494520513
4.173243319318008,49.096980227270684,1.8136282506086647,0.1331284300733271
4.25293265459013,50.03450181870741,1.7961533083712835,0.07091403703858622
4.451600523760997,52.37177086777643,1.5911618678698103,0.07723760836919295
4.449086677966159,52.34219621136658,1.5442571027369445,0.1266562192968964
4.049662818090473,47.64309197753498,1.8785339908368115,0.1918031910727152
4.445982149167459,52.30567234314657,1.4570467701201177,0.21697108071242366
4.329120335301685,50.930827474137466,1.6988535502761575,0.09202611442215776
4.524069356416539,53.22434536960634,1.3002295731181925,0.29570107046526845
4.435408781969225,52.18127978787324,1.6228795113185137,0.06171170671226077
4.1378351824236255,48.680413910866186,1.8519213754849495,0.13024344209142447
4.57951739679547,53.87667525641729,1.3658874845181788,0.1745951186863512
4.36735800186296,51.38068237485835,1.5768720985302347,0.175769899606806
4.192723144511734,49.32615464131452,1.8704697020769503,0.05680715341131583
4.450032039734527,52.35331811452385,1.5477528539070577,0.12221510635841522
4.548016238284767,53.50607339158549,1.4522664738147457,0.11971728790048837
4.489160215687523,52.8136495963238,1.374391469454696,0.256448314857781
4.066042362026917,47.83579249443432,1.7623354733520837,0.29162216462099905
4.146083504533328,48.77745299450974,1.855350213498629,0.11856628196804343
4.2837249132394435,50.39676368516992,1.7486970844021816,0.08757800235837497
3.808331386954441,44.80389867005224,2.060222090508567,0.2514465225369929
3.8907498127703883,45.77352720906339,1.9573926899547849,0.2718574972748274
4.191272733834257,49.309090986285376,1.774416831446657,0.15431043471908645
4.3390409888963,51.04754104583882,1.497345800329016,0.28361321077468477
4.4284815128566315,52.099782504195666,1.5124556572446037,0.17906282989876526
4.147013765516443,48.78839724136992,1.716414188090917,0.2565720463926405
4.159854300561703,48.939462359549445,1.8270216052666206,0.13312409417167725
4.11989075790512,48.46930303417788,1.778182885445335,0.22192635664954485
4.395581625788568,51.712725009277264,1.4882307506868202,0.23618762352461292
4.756008749995885,55.95304411759865,1.1048899716284435,0.25910127837567126
4.090863297464378,48.12780349958092,1.9001320442526448,0.12900465828297747
4.10934177783135,48.34519738625118,1.7934093461556737,0.21724887601297627
4.433679743625249,52.16093816029704,1.5417739068316287,0.14454634954312284
4.289300018099361,50.462353154110126,1.56777270066376,0.2629272812368783
4.392895036752749,51.6811180794441,1.5320619367666268,0.19504302648062521
4.443694990513155,52.27876459427241,1.6125910968990673,0.06371391258777735
4.444906325285286,52.293015591591605,1.483543051418316,0.19155062329639827
4.312063742519908,50.730161676704796,1.5706159521068999,0.23732030537319182
4.335733581466765,51.008630370197224,1.6297213537865143,0.1545450647467217
4.16830513520491,49.03888394358717,1.67028251893993,0.28141234585515995
3.7151159009809858,43.70724589389395,2.2253969213232776,0.17948717769573652
4.658607219715899,54.80714376136352,1.2705239556676116,0.19086882461648996
4.26173070777595,50.13800832677588,1.8030401688749829,0.05522912334906789
4.592128920274879,54.02504612088093,1.3630753401198303,0.16479573960529026
4.427219724326069,52.08493793324788,1.4779836844086414,0.2147965912652896
4.037741281595586,47.5028386070069,1.7854596412651393,0.2967990771392746
4.524622649951059,53.23085470530658,1.5224679474179794,0.07290940263096142
4.096440063060248,48.19341250659115,1.752127559246367,0.2714323776933853
4.1360952017394315,48.65994354987566,1.6963502515018831,0.28755454675868514
4.185089370714264,49.23634553781488,1.698244257339298,0.2366663719464373
4.296310184854992,50.544825704176375,1.5875884959310387,0.23610131921396954
4.336743634630384,51.02051334859276,1.68672978569486,0.09652657967475638
4.267527623102,50.20620733061176,1.691923007161075,0.1605493697369254
4.515097201407426,53.11879060479324,1.3153868635863468,0.28951593500622763
4.298762694342544,50.573678756971105,1.6210920695259328,0.20014523613152296
4.217094559874794,49.61287717499758,1.6711596952604624,0.23174574486474347
4.0221596172830525,47.31952490921238,1.8755139798566332,0.22232640286031458
4.3717272496215065,51.43208528966478,1.5651027852937223,0.1831699650847713
4.560549076370618,53.653518545536684,1.3890766689855436,0.17037425464383804
3.9507636126212295,46.47957191319094,1.8810284744866264,0.28820791289214387
4.257917674101917,50.09314910708138,1.5725275391263984,0.28955478677168445
4.463498045758623,52.51174171480733,1.3577987014171584,0.2987032528242183
4.177090402043939,49.142240024046345,1.8751514881510847,0.06775810980497661
4.212381306147586,49.557427131148074,1.8486054340545703,0.05901325979784351
4.554406333784482,53.58125098569979,1.4889984549204287,0.07659521129508899
4.06534825713359,47.827626554512825,1.9738403502918571,0.08081139257455282
4.607138329312541,54.20162740367695,1.3188357075942936,0.19402596309316644
4.3364101598154,51.01659011547529,1.5433386021802404,0.24025123800435977
4.313544018386064,50.74757668689487,1.6166417730398512,0.18981420857408532
4.45904718446556,52.45937864077129,1.5740124952013368,0.08694032033310299
4.347829557011272,51.150935964838496,1.562439688666332,0.20973075432239568
4.356970022990895,51.25847085871641,1.6504188682258645,0.11261110878324086
4.396913375290042,51.728392650471086,1.5745871304302648,0.14849949427969317
4.025757896695749,47.36185760818529,1.9579912629594247,0.13625084034482637
4.914949085346801,57.82293041584472,1.0959257029637721,0.10912521168942736
4.441899644076537,52.25764287148868,1.5631674346103437,0.11493292131311954
4.268141224228199,50.21342616739057,1.7355568775822694,0.11630189818953192
4.144759684273734,48.761878638514524,1.7635515465820262,0.21168876914423973
4.735421712670316,55.71084367847431,1.3252007120942721,0.0593775752354115
4.167995270774501,49.03523847970001,1.900744558693116,0.05126017053238334
3.7017440020795087,43.54992943622951,2.1300745579552025,0.28818143996528905
4.057282891896116,47.732739904660185,1.7718203900189744,0.29089671808490997
4.116116315376554,48.42489782795946,1.8324259768427436,0.17145770778070285
4.164985854867912,48.99983358668132,1.7075325555905883,0.2474815895414998
4.065308139922157,47.8271545873195,1.8511311240281345,0.20356073604970765
4.4052808087356174,51.82683304394844,1.5636754713883179,0.15104371987606502
3.7320856429782285,43.90688991739092,2.1915764558018282,0.1963379012199435
4.49722426715947,52.90852079011141,1.525595814983411,0.09717991785711967
4.553076083840367,53.56560098635727,1.3559220710132607,0.211001845146372
4.20012748898798,49.413264576329176,1.6215805698870474,0.2982919411249728
4.364141953400944,51.34284651059934,1.541047983507257,0.21481006309179895
4.2408581959612945,49.892449364250524,1.7728922772133928,0.1062495268253122
4.615050099936188,54.2947070580728,1.4438900068763834,0.061059893187428174
4.123414294282929,48.51075640332858,1.908986650685948,0.0875990550311228
3.9450175714413565,46.41197142872184,1.8824449599554893,0.29253746860315366
4.254383132662385,50.05156626661629,1.6229237045164377,0.2426931628211781
4.457556765245481,52.44184429700566,1.4521182564578687,0.21032497829665037
4.347080501332245,51.14212354508524,1.575472756444764,0.1974467422229904
4.189526382657496,49.28854567832348,1.7314586395850093,0.19901497775749488
4.127373709305131,48.55733775653095,1.730217345171192,0.26240894552367733
4.2754713532084025,50.299662978922385,1.7857084800050447,0.05882016678655315
4.495070050531217,52.88317706507314,1.5286452296733746,0.09628471979540897
4.739183619074589,55.755101400877514,1.2100670120716006,0.1707493688538113
4.187159984050269,49.26070569470905,1.6545938982806774,0.27824611766905366
4.175805310997169,49.127121305849045,1.74951099940729,0.19468368959554133
4.151890064991242,48.8457654704852,1.7314472038056385,0.23666273120311998
4.177203547746329,49.14357114995681,1.7701074812326072,0.172688971021064
4.183955902376947,49.22301061619937,1.7718645048577069,0.16417959276534683
4.425182227442169,52.060967381672576,1.5932613996622236,0.10155637289560852
4.5841627516742545,53.93132649028535,1.4209184193588023,0.11491882896694348
4.200311601351863,49.41543060413956,1.682953796385267,0.23673460226286974
4.677072019974789,55.02437670558575,1.3443761650213681,0.09855181500384232
4.431707767107515,52.137738436559,1.4375840903881085,0.25070814250437706
4.276441421781668,50.31107555037258,1.6940401163606331,0.14951846185769863
4.521548420498635,53.19468729998395,1.4008389019443057,0.19761267755706008
4.517864834225177,53.15135099088444,1.371114994732904,0.23102017104191946
3.886433060624808,45.72274188970362,2.1435160967794173,0.09005084259577449
4.294925313438225,50.52853309927323,1.5722225314404241,0.25285215512135106
3.797026757970645,44.670903034948765,2.0333131309403916,0.2896601110889633
4.115919782807296,48.42258568008584,1.7497887410047503,0.2542914761879532
3.970421830846017,46.71084506877667,2.0267726239823416,0.12280554517164148
4.646965566186015,54.67018313160018,1.3173458915264131,0.15568854228757217
4.6775996886850395,55.03058457276517,1.2984264790482474,0.14397383226671334
3.9520866471407037,46.495137025184754,2.0589701755083403,0.1089431773509565
3.9519957826809184,46.494068031540216,1.9814043369602319,0.1865998803588501
4.459938538285662,52.4698651563019,1.5297955167894173,0.13026594492492088
4.806239540531639,56.54399459448987,1.1928891304887956,0.12087132897956597
4.754788210077997,55.93868482444703,1.0772666280576928,0.2879451618643098
4.641608664795536,54.607160762300424,1.4171412237435694,0.06125011146089475
4.531812755416681,53.31544418137272,1.5056745757202343,0.08251266886308566
4.079002028610244,47.98825916012051,1.9830655340072216,0.057932437382535104
4.272030777716129,50.25918562018975,1.688551227246453,0.15941799503741794
4.231754839155004,49.7853510488824,1.5912000174419032,0.2970451434030923
4.178284998177482,49.15629409620566,1.73436904706998,0.20734595475253814
3.966751035584981,46.66765924217625,2.0650100629853236,0.0882389014296955
4.133114820804032,48.624880244753314,1.8595492717991042,0.12733590739686418
4.540500385477588,53.417651593853975,1.4452181102626154,0.13428150425979657
4.525686443912052,53.243369928377085,1.5050659341003507,0.08924762198759671
3.9096207584732263,45.99553833497914,1.9282078886856362,0.282171352841137
3.886044943010109,45.718175800118935,1.9926871040989371,0.24126795289095437
4.2283056842250435,49.74477275558875,1.6817180052287894,0.20997631054616717
4.480039979597097,52.70635270114232,1.4100915966083294,0.22986842379457378
3.9990587325798397,47.04774979505694,1.8980294102535613,0.22291185716659917
4.661916673073266,54.84607850674431,1.349777329340677,0.10830599758605701
4.218714405779276,49.63193418563854,1.6564250557211193,0.2448605384996041
3.82456978515948,44.994938648935054,2.063008925611097,0.23242128922942284
4.213937060993485,49.57573012933512,1.7508219591531713,0.15524097985334329
4.145207182446654,48.767143322901816,1.7293826843864994,0.24541013316684612
4.51055106054485,53.0653065946453,1.4241430493721863,0.18530589008296316
3.7635678290606998,44.2772685771847,2.1178081807946136,0.23862399014468644
4.33368232780643,50.98449797419329,1.5573642189003976,0.22895345329317318
4.120429188701973,48.47563751414086,1.7706351660580135,0.2289356452400142
4.285982856108702,50.423327718925904,1.7624726679251503,0.0715444759661477
4.621145502194391,54.36641767287519,1.3471893722011787,0.15166512560443007
4.40627778739939,51.83856220469871,1.5997889762977635,0.11393323630284626
4.236270026392582,49.838470898736254,1.6834937534008279,0.20023622020659132
4.099731875598711,48.23213971292601,1.90963532494838,0.1106327994529092
4.585289793894794,53.94458581052699,1.2836091378186465,0.25110106828655965
4.236382012860669,49.839788386596105,1.6531185010699132,0.23049948606941834
4.262071527301403,50.14201796825181,1.6106268717889831,0.24730160090961345
4.177289835910957,49.14458630483479,1.6911948972158286,0.2515152668732136
3.973658489978272,46.74892341150908,1.9441271006239846,0.20221440939774338
4.424346370433148,52.05113376980174,1.583275205683709,0.11237842388314305
4.267900482455187,50.21059391123749,1.74663043812102,0.10546907942379306
4.737346505203346,55.73348829650996,1.2936182730058259,0.08903522179082825
4.567227770006814,53.73209141184488,1.4331850970827031,0.11958713291048308
4.3268675533637335,50.904324157220394,1.5445989526089947,0.24853349402727126
4.464330630356576,52.521536827724425,1.4475981263994477,0.20807124324397686
3.7286558946794752,43.86653993740559,2.2689705625013574,0.12237354281916764
3.905936121494591,45.95218966464225,1.9143724418854375,0.2996914366199713
4.466730514913529,52.54977076368858,1.4926266911288957,0.1606427939575753
4.425072048849302,52.059671162932965,1.4319733188251618,0.26295463232553656
4.338600210630629,51.04235541918387,1.494846145884996,0.28655364348437506
4.583604520892617,53.924759069324914,1.4703883986200086,0.06600708048737382
4.050320332482836,47.65082744097454,1.855123082170223,0.21455658534694183
4.611476222523182,54.2526614414492,1.3412177827302378,0.16730599474658092
4.346225694031685,51.13206698860806,1.6016714480429595,0.17210285792535573
4.719625812254705,55.52500955593771,1.2978260419214358,0.10254814582385906
4.5579586195185655,53.62304258257136,1.493374607964082,0.06866677251735247
4.258720933808239,50.1025992212734,1.6983076555112566,0.1629714106805042
4.263684472956069,50.16099379948316,1.6794506483171727,0.176864878726759
4.409098015532371,51.87174135920437,1.5683590603941955,0.14254292407343316
4.3515481549824795,51.19468417626446,1.4751833898709295,0.29326845514659083
4.501412845803461,52.957798185923075,1.4497024078906449,0.16888474630589406
4.11004893376468,48.35351686781976,1.7791078917410197,0.23084317449430075
4.335643431604617,51.007569783583726,1.5125292760566467,0.2718272923387365
4.340657283547986,51.06655627703513,1.5913353610999537,0.18800735535206065
3.8946509297332526,45.81942270274415,2.0856519946214807,0.13969707564526668
4.078741268064841,47.98519138899813,1.8751375882640082,0.16612114367115055
4.018231424387512,47.2733108751472,2.017696236235814,0.08407233937667384
4.244955711786124,49.94065543277793,1.750817304943365,0.12422698327051067
4.8352179743263255,56.884917345015594,1.1696183395826487,0.11516368609102608
4.626906040064252,54.43418870663827,1.2536446152976255,0.2394493446381224
4.162078164627955,48.965625466211236,1.731498913435824,0.22642292193622127
4.243737166757482,49.92631960891155,1.7390306682257433,0.1372321650167742
4.1999740788916995,49.41145975166705,1.6792266389716848,0.24079928213661494
4.498823035380893,52.92732982801051,1.338406557182132,0.2827704074369758
4.199214821398125,49.40252731056618,1.81474009536644,0.10604508323543564
4.389697528370281,51.64350033376801,1.6765992655757247,0.05370320605399488
4.083693412847085,48.04345191584806,1.7719366724179064,0.26436991473500854
4.195502949814958,49.35885823311715,1.823872140167254,0.1006249100177878
4.194582311875255,49.348027198532414,1.6781093738667991,0.24730831425794603
4.401462107302702,51.78190714473767,1.4973133214988292,0.22122457119846867
4.319905895885243,50.82242230453227,1.6121754070601677,0.18791869705458975
4.618301646465324,54.33296054665087,1.4000779782079709,0.10162037532670513
4.697572931187363,55.265563896321915,1.1474943190162477,0.27493274979639004
3.8686179097891045,45.51315187987181,1.9591194258471925,0.2922626643637033
4.45898468581156,52.458643362488935,1.5404389009339707,0.12057641325446912
4.174343346796943,49.10992172702285,1.6656971141011216,0.2799595391019355
4.852366148726724,57.08666057325558,1.097322290811136,0.17031156046213947
3.7426767603118165,44.031491297786076,2.121755217486342,0.25556802220184127
4.2114698098347265,49.546703645114434,1.6607938771014232,0.2477363130638497
4.140534134390498,48.71216628694703,1.6865367787419674,0.29292908686753577
4.247075254417897,49.96559122844585,1.7612094243237788,0.11171532125832383
4.329071958709395,50.93025833775759,1.5630782972525055,0.22784974403809938
4.3634800007301555,51.33505883211947,1.5787346886275153,0.17778531064232916
4.347005646706329,51.1412429024274,1.5614759359405646,0.21151841735310656
4.7389490794062965,55.75234211066231,1.2627550334797388,0.1182958871139642
4.355113138157436,51.23662515479337,1.652453246127053,0.11243361571551079
4.021901924055205,47.316493224178885,2.0216368979607657,0.07646117798402903
4.51112885612574,53.072104189714594,1.356749572562427,0.25212157131183216
4.170709536277083,49.0671710150245,1.6590156864706325,0.2902747772522853
4.319384024092286,50.816282636379825,1.6017343392171741,0.19888163669054065
3.716697299336105,43.72585058042477,2.268043753502367,0.13525894716152764
4.030764964848611,47.42076429233661,2.010514882244221,0.07872015290716843
4.583099827104927,53.91882149535208,1.2894486565176155,0.24745151637745788
3.9073717846489693,45.96907981939964,2.0268816870925024,0.1857465282585286
4.248277635487575,49.97973688808912,1.6664721104276696,0.20525025408475533
4.4581894929476595,52.4492881523254,1.4014210391896855,0.26038946786265565
4.115062366836247,48.41249843336761,1.8788869477820007,0.1260506853817523
4.577728057718108,53.855624208448326,1.488742193150938,0.05352974913095353
4.32555755058098,50.88891235977623,1.6937191477511315,0.10072330166788925
4.282821680145763,50.386137413479574,1.5709840264030919,0.26619429345114565
4.30422763072166,50.63797212613718,1.622286967773187,0.19348540150515342
4.467691687539225,52.56107867693206,1.5718659055102826,0.08044240695049247
4.7124843182541545,55.44099197946064,1.1334530514997734,0.27406263024607214
4.311937323248775,50.72867439116205,1.6995964167798001,0.10846625997142488
4.920128112450794,57.883860146479925,1.1106560223500068,0.08921586519920006
4.379324310066671,51.5214624713726,1.604112012165096,0.1365636777682327
4.901747957635146,57.66762303100171,1.1208307578018468,0.09742128456300793
4.438470217048323,52.217296671156745,1.5986531431131226,0.08287663983855435
4.429840721361484,52.11577319248805,1.6201846842176308,0.0699745944208852
4.309054356282655,50.69475713273711,1.666982185186525,0.14396345853082076
4.074894375604946,47.93993383064642,1.9343818439711298,0.11072378042392463
4.386874805919168,51.610291834343144,1.537516873308183,0.1956083207726494
4.64904044624095,54.694593485187646,1.3400683482606752,0.13089120549837524
3.9664989411465617,46.66469342525367,1.9769848715873164,0.17651618726612173
4.389122338860307,51.63673339835656,1.6798264904408142,0.05105117069887814
4.124894833775544,48.5281745150064,1.8403327233054474,0.15477244291900866
4.586727000133617,53.961494119219026,1.3308721043999259,0.20240089546645745
4.527098054581296,53.25997711272114,1.5173340253769045,0.07556792004179845
4.120811541335084,48.48013578041275,1.8794906195955265,0.11969783906938987
4.181704138940349,49.19651928165116,1.669350584764923,0.2689452762947284
4.762790474377513,56.032829110323675,1.2911046455482866,0.06610488007420047
4.077202036163,47.96708277838824,1.9520426519677239,0.09075531186927545
4.5302561771030625,53.29713149533015,1.461531754036436,0.12821206886050207
4.22052630934534,49.65325069818047,1.6960360331995907,0.20343765745506925
4.134188967176147,48.63751726089585,1.8036620756208745,0.18214895720297786
4.433622214418719,52.16026134610258,1.5316685076846093,0.15470927789667155
4.631059629847332,54.48305446879215,1.3926744474346284,0.09626592271803978
4.359440228308082,51.28753209774214,1.639672121012971,0.12088765067894676
4.1008229086001196,48.244975395295526,1.8367478705341913,0.18242922086568925
4.501929283393012,52.963873922270736,1.3620016233077468,0.2560690932992416
4.3349471577064715,50.99937832595849,1.5500420812808353,0.23501076101269341
4.200236326912252,49.41454502249709,1.6823165095428994,0.23744716354484818
4.233926092738062,49.81089520868308,1.7683487847056014,0.11772512255633712
3.9890208631100634,46.92965721305957,1.904189757779202,0.22678937911073488
4.489500246578882,52.817649959751556,1.5731378920648824,0.0573618613562356
4.069725995696763,47.87912936113839,1.7782993938260192,0.27197461047721705
4.21710189520129,49.61296347295636,1.6332944101322617,0.2696036946664476
4.530238831555041,53.296927430059306,1.345943914692496,0.24381725375246383
4.251967537398921,50.023147498810836,1.6355986277008345,0.23243383490024422
4.549733624442537,53.52627793461808,1.5074112419064216,0.06285513365104191
4.19076304673325,49.30309466745,1.6742984036421087,0.2549385496246419
4.481936257349625,52.72866185117206,1.4074981196673773,0.23056562298299715
3.9814990029206845,46.84116474024334,1.8761434277100408,0.262357569369275
4.266322732330124,50.19203214506028,1.6692265211750699,0.18445074649480558
3.8719850195886805,45.55276493633742,1.9974221631414741,0.2505928172698455
4.303246969978072,50.6264349409185,1.7640952953047,0.052657734717228274
3.9653719709171296,46.65143495196623,1.998254247077386,0.1563737820054844
4.308816894372547,50.691963463206434,1.6283774433458418,0.1828056622816117
4.25987236893845,50.11614551692294,1.7037758876245312,0.1563517434370189
3.993008630493591,46.976572123454005,1.8790468826091755,0.2479444868972337
4.381762869272852,51.55015140321002,1.6525016670802926,0.08573546364685543
3.8669781990181757,45.493861164919714,1.9709333532256563,0.2820884477561679
4.231945773174673,49.78759733146674,1.7214601474452318,0.16659407938009568
4.321746108787328,50.8440718680862,1.5937009878043193,0.2045529034083527
4.2486403155171715,49.98400371196672,1.7969987346619702,0.07436094982085857
4.4777081346541285,52.67891923122504,1.4236273095913423,0.21866455575452876
4.163189889997801,48.97870458820942,1.8329098816972258,0.12390022830497403
4.0841407342621485,48.04871452073116,1.7439104678650117,0.2919487978728401
4.290009055070892,50.47069476553992,1.5668080921476832,0.263182852781425
4.662783750764293,54.85627942075638,1.2047572643497293,0.2524589848859784
4.1368883897357165,48.66927517336137,1.8171024638227016,0.16600914644158243
4.057527300716462,47.735615302546606,1.8779505031751602,0.18452219610837772
3.7544077471807222,44.169502908008496,2.1022861805879143,0.263306072231363
4.317977590787451,50.79973636220531,1.5691419810696308,0.23288042814291793
4.056470027817498,47.723176797852915,1.7767761283487664,0.2867538438337364
4.3122949005240425,50.73288118263579,1.6867566507641616,0.12094844871179579
4.030182217374495,47.413908439699945,1.9812368329042738,0.10858094972123168
4.234877705822198,49.822090656731746,1.6827733375070784,0.2023489566707236
4.119655328169455,48.46653327258183,1.7468263994653812,0.25351827236516383
4.251237225698498,50.014555596452915,1.7792532716613267,0.08950950264017525
4.488645172439421,52.807590263993184,1.5065461825769404,0.12480864498363851
4.102741466041624,48.26754665931322,1.8547435329557298,0.1625150010026471
4.603475424508519,54.158534405982586,1.3568601043648547,0.15966447112662585
4.116453977475006,48.428870323235365,1.714216887986565,0.2893291345384299
3.7655632300394113,44.300743882816604,2.1486312492269817,0.20580552073360725
4.5347813020669445,53.350368259611116,1.4786032336375339,0.10661546429552178
4.409570867227371,51.87730432032202,1.4409090252133083,0.2695201075593202
4.455748795388188,52.42057406339045,1.4907230620232663,0.17352814258854515
4.527401018818363,53.263541397863094,1.5316552960100736,0.060943685171563775
4.321539296089978,50.841638777529155,1.6432953704736586,0.15516533343636418
4.111613997257387,48.371929379498674,1.851768565449062,0.15661743729355027
4.494182638775872,52.87273692677496,1.5723469531995555,0.05347040802457294
4.539224853300318,53.40264533294492,1.487853943776069,0.09292120292361257
4.325444005556276,50.88757653595619,1.5368744800450416,0.2576815143986815
4.467198328527852,52.555274453268844,1.5749011422518524,0.07790052922029524
4.274839350036411,50.29222764748719,1.6306271807882735,0.21453346917531552
4.527619245385873,53.26610876924557,1.5075595026390156,0.08482125197511152
4.423949208074467,52.04646127146432,1.5013185293895224,0.19473226253600967
4.450803031887958,52.362388610446565,1.5216239213663938,0.14757304674564897
4.065264158439485,47.82663715811159,1.804448717103538,0.25028712445697754
3.621928447206758,42.6109229083148,2.2155891670141052,0.282482385779137
4.479155481314962,52.695946838999554,1.5201354625579617,0.12070905612707715
4.043270304501264,47.567885935308986,1.8002551606518404,0.27647453484689605
4.589138845876236,53.989868775014536,1.4517230841601227,0.07913806996364144
4.740987829113817,55.77632740133902,1.2890719538777675,0.0899402170084155
4.223512000714558,49.6883764789948,1.656549615262762,0.23993838402268064
4.177975144900557,49.152648763535964,1.7776335052216288,0.16439134987781417
4.339647498374657,51.05467645146655,1.525247499719861,0.2551050019054811
4.323117447804461,50.86020526828777,1.6977279830271375,0.0991545691684013
4.439823678226437,52.23321974384044,1.4903074621233436,0.18986885965021888
4.285081326037658,50.41272148279597,1.6435181928482936,0.19140048111404923
4.2121945775700915,49.555230324354014,1.7446627288123133,0.1631426936175952
4.265088442775835,50.17751109148041,1.7379815635554787,0.11692999366868691
4.326894405848374,50.9046400688044,1.707149329963917,0.08595626418770914
4.614477279513855,54.28796799428064,1.4472262003672824,0.058296520118862674
4.1915958684256545,49.31289256971358,1.7885289517899692,0.13987517978437652
4.319762205795831,50.82073183289213,1.6588390957301051,0.14139869847406428
4.241879684534474,49.90446687687617,1.631124684053033,0.2469956314124926
3.8028412127652325,44.73930838547332,2.1019535769246396,0.21520521031012824
4.340215109572089,51.06135423025987,1.7078839051689452,0.07190098525896614
4.277618176495187,50.32491972347278,1.5774315574063211,0.2649502660984922
4.367041484408248,51.37695864009704,1.6600786769503206,0.09287983864143069
4.1869254986963425,49.25794704348638,1.7937053175725264,0.13936918373113066
4.478050743742586,52.68294992638337,1.5224103236911788,0.11953893256623495
4.193548799140336,49.33586822518043,1.7828696427873938,0.14358155807227074
4.083610269444932,48.042473758175674,1.8363682191646884,0.2000215113903796
3.9682109202967846,46.68483435643276,1.8767657053910742,0.2750233743121413
4.3450910112795595,51.11871777975953,1.6254926409076318,0.1494163478128091
4.207741025561951,49.50283559484648,1.7797101734925147,0.132548800945534
4.266666516169366,50.19607666081607,1.729977036027606,0.12335644780302767
4.047530423445773,47.618004981714975,2.0116510977791817,0.06081847877504541
4.225376575023138,49.71031264733104,1.7586595323647187,0.13596389261214364
4.077752732086859,47.973561553963044,1.866660874102688,0.17558639381045316
4.37677834369429,51.49150992581517,1.6748540717515468,0.06836758455416399
4.430513882750788,52.123692738244564,1.6073166788310205,0.0821694384181909
4.27421627456883,50.284897347868586,1.6347323115492731,0.2110514138818969
4.196876118324451,49.37501315675825,1.7917995699401066,0.13132431173544212
3.991012095345381,46.95308347465154,1.8917768926649847,0.23721101198963457
3.9448009175232133,46.409422559096626,1.9038454880479085,0.2713535944288784
4.626929005732243,54.43445889096756,1.4046798695789033,0.08839112468885359
4.546976464595155,53.493840759943,1.5213807426699595,0.05164279273488577
3.693416236178924,43.45195571975204,2.2658866393274253,0.16069712449365092
4.293455784832697,50.5112445274435,1.7183727906570014,0.1081714245103015
4.837531761796462,56.912138374076015,1.2166254626363115,0.06584277556722738
4.034207684824891,47.46126688029284,1.8611236416788859,0.2246686734962226
4.059833625467973,47.76274853491733,1.7817643053901269,0.27840206914189963
4.26565923938263,50.184226345678,1.6806660503692303,0.17367471024814035
4.293924134483328,50.516754523333276,1.71221889375651,0.11385697176016234
3.973530894012734,46.74742228250275,2.053227127802391,0.09324197818487485
3.9309880265328223,46.246917959209675,1.9947238224423498,0.19428815102482744
4.023686197794981,47.33748467994095,1.8085257151500953,0.28778808705492437
4.084634434605954,48.05452276007005,1.8043398158879436,0.23102574950610194
4.335612132702454,51.00720156120534,1.6538839694556855,0.1305038978418615
4.319806055782758,50.82124771509127,1.697468676553938,0.10272526766330443
3.980325765248743,46.82736194410286,1.8807598161993984,0.2589144185518588
4.215702472956676,49.59649968184325,1.6222154720791881,0.2820820549641367
4.571651338743495,53.78413339698229,1.450975485432903,0.0973731758236024
3.9715978788381596,46.72468092750776,2.0061681732176218,0.142233947944219
3.925710275371143,46.18482676907227,1.9838561937146215,0.2104335309142359
4.668427920792707,54.92268142109067,1.351896349270006,0.09967572993728692
4.697511919090815,55.26484610695076,1.2630011712492504,0.15948690965993528
4.58507212990658,53.94202505772447,1.4139140119780227,0.12101385811539718
4.089719830151081,48.11435094295389,1.777124225107899,0.25315594474101966
4.274655681919852,50.29006684611591,1.5473281223920756,0.29801619568807236
4.024840082186883,47.35105979043392,2.0414377239089063,0.05372219390421014
4.209779139378866,49.52681340445725,1.7881909140882908,0.12202994653284398
4.471868571893749,52.61021849286763,1.5455726296003804,0.10255879850587087
4.620920729215447,54.363773284887614,1.410705880493884,0.08837339029066933
4.541019748429442,53.423761746228735,1.4764877653968407,0.10249248617371713
4.1689058072621785,49.04595067367269,1.6840469708186816,0.2670472219191399
4.584779732664626,53.938585090172076,1.3533304413181844,0.18188982601718995
4.599178637618469,54.10798397198199,1.4458616021332689,0.07495976024826166
4.284352052422969,50.4041417932114,1.6148151644936328,0.22083278308339743
4.361514813810293,51.31193898600345,1.6758178545484361,0.08266733164127131
4.032530712767998,47.44153779727056,1.8788127776885981,0.2086565095434042
4.040596438732962,47.536428690976024,1.813529103777938,0.26587445748910055
4.182192409922096,49.202263646142306,1.8391806484933397,0.09862694158456485
4.455886401105571,52.42219295418319,1.3696811603436074,0.2944324385508213
4.512644147553332,53.089931147686265,1.4771985167191253,0.13015733572754296
4.3877837821272045,51.620985672084764,1.5833536028886401,0.14886261498415532
4.229472206415721,49.75849654606731,1.8165184772061709,0.07400931637810794
4.127527885870363,48.559151598474855,1.7792935302515744,0.21317858387806377
4.790480016833402,56.35858843333415,1.1484852265688064,0.18103475659779222
4.0293601121679945,47.40423661374111,1.9500937827707472,0.14054610506125842
3.8776772929596803,45.61973285834918,2.1357553323476255,0.10656737469269427
4.132982349091991,48.62332175402342,1.7714395725272876,0.21557807838072168
4.11166016784692,48.37247256290494,1.7708209693823225,0.2375188627707579
4.14074681529748,48.71466841526447,1.7291875176865306,0.25006566701598915
4.152142355632954,48.84873359568181,1.8982651539709832,0.06959249039606315
4.263127804722975,50.15444476144677,1.614807318671636,0.24206487660538817
4.259595526635287,50.11288854865044,1.6463032121039864,0.21410126126072643
4.380452350334413,51.534733533346035,1.6368296456197717,0.1027180040458154
4.5198912603187775,53.175191297867975,1.3887120304274962,0.21139670925372633
4.360507551180304,51.300088837415345,1.460141329413273,0.2993511194064232
3.9939358178528086,46.98748021003304,1.8946398243405946,0.23142435780659704
4.761956926901845,56.023022669433466,1.2880697053249826,0.06997336777317302
4.216263756098605,49.60310301292476,1.612659432745299,0.2910768111560961
4.287826951347949,50.44502295703469,1.7618693658542044,0.0703036827978467
3.6807884191228215,43.30339316615084,2.1471560073584888,0.29205557351869005
4.299979293424595,50.58799168734818,1.679740808734954,0.1402798978404507
4.052851414996817,47.68060488231549,1.8090224023789276,0.2581261826242549
4.506311616483144,53.01543078215464,1.5465106871863936,0.0671776963304624
4.330070348251161,50.94200409707249,1.669610525462257,0.12031912628658141
4.515193017071185,53.1199178478963,1.4158027347858333,0.1890042481429814
4.0633158451705595,47.803715825535996,1.880006247582367,0.17667790724707372
3.728399520201121,43.86352376707201,2.2929536948659965,0.09864678493288274
3.8608324438849833,45.42155816335274,2.008412124815027,0.25075543129999045
4.1511547510286695,48.83711471798435,1.7737016854012473,0.1951435635700839
4.716843043671911,55.492271102022485,1.35094498561461,0.05221197071347934
4.115309051134464,48.41540060158193,1.7431446458342685,0.2615463030312681
4.594020322715969,54.04729791430552,1.4093249196107558,0.11665475767327459
3.5959312220442805,42.30507320052095,2.268674208818639,0.2553945691370806
4.511867140466552,53.08078988784178,1.3218716670805923,0.28626119245285564
4.0975626463954296,48.206619369357995,1.7740861530860985,0.24835120051847237
4.292930512567846,50.50506485373937,1.5581665882736413,0.2689028991585126
4.075174954513783,47.94323475898569,1.832413030927896,0.21241201455832037
4.187323635578907,49.26263100681067,1.8757755211844953,0.05690084323659762
4.050001192254871,47.647072850057306,1.8100567057703238,0.25994210197480516
3.693707800071541,43.455385883194594,2.3363544560234017,0.08993774390505756
4.591103439229173,54.01298163799028,1.2824721908705732,0.24642436990025357
4.409361915932993,51.874846069799915,1.5249826330253475,0.18565545104165987
4.405067995452855,51.82432935826888,1.4860806252816843,0.22885137926546023
4.673086389820889,54.97748693906929,1.2196661377922517,0.22724747238685983
4.0768872436281045,47.96337933680123,1.7957838876279992,0.24732886874389687
4.481862491041075,52.72779401224794,1.3905175382434518,0.24761997071547387
4.630616896615534,54.477845842535686,1.2726898319378435,0.21669327144662281
4.611768253180236,54.25609709623808,1.4484531589389846,0.05977858788077954
4.062192325492196,47.790497946967015,1.80076477566423,0.2570428988435736
4.1781293611017665,49.154463071785486,1.7193012720310927,0.22256936686714113
4.724627311883479,55.58385072804093,1.1603037625707515,0.23506892554576964
4.104690809713763,48.29048011427957,1.8410316058700127,0.1742775844162237
4.421472897220442,52.017328202593426,1.537649662531494,0.16087744024806466
4.228561652614401,49.74778414840472,1.672199034646772,0.21923931273882657
4.318670541285277,50.80788872100326,1.7058058111528591,0.09552364756186328
4.088281549074129,48.0974299891074,1.7526721551174296,0.2790462958084419
5.025716543949617,59.12607698764255,0.942342958947734,0.15194049710264934
4.065449796943511,47.8288211405119,1.8227353355133038,0.23181486754318487
3.923703318138627,46.16121550751326,2.048875089512642,0.14742159234873037
3.957763513841804,46.56192369225652,1.9353179129617781,0.2269185731964184
4.933043802925336,58.03580944618042,1.1259269157776608,0.06102928129700376
3.6464392086992,42.899284808225886,2.277314614839667,0.19624617646113307
3.789368164329652,44.580801933290026,2.188371267570193,0.14226056810015464
4.416711538672587,51.96131221967749,1.5020256521303978,0.20126280919701495
4.3987018282996875,51.74943327411397,1.663851070900918,0.05744710079939443
3.9231035725022636,46.15415967649722,2.035823125101846,0.16107330239589074
3.7719771376841384,44.37620161981339,2.082484272858734,0.2655385894571278
3.7766029796064555,44.43062328948771,2.0539359949884246,0.2894610254051205
4.144278615838528,48.756219009865035,1.6871099755159777,0.288611408645495
3.7016345226786918,43.548641443278726,2.151269763896199,0.26709571342510946
4.608190437636609,54.21400514866599,1.420381829960322,0.09142773240306894
4.380148156588765,51.531154783397234,1.6088782508548969,0.13097359255633817
3.8796708436937815,45.643186396397425,2.0394098722578975,0.20091928404832082
4.153538990323012,48.865164592035434,1.802236801083115,0.16422420859387238
4.226728356790294,49.726215962238754,1.6412168671338063,0.2520547760758997
3.8683884289678283,45.51045210550386,2.1332440931551426,0.11836747787702905
4.391735396259794,51.66747525011522,1.519325375055369,0.20893922868483716
4.285862086293883,50.4219068975751,1.7301797894986404,0.103958124207477
4.073239863219168,47.92046897904903,1.9707822875368446,0.07597784924398714
4.43671734328939,52.19667462693399,1.5127134317585715,0.17056922495203836
4.424396739212259,52.051726343673636,1.6038068344953509,0.09179642629239022
4.079831580097796,47.998018589385836,1.9413862861502615,0.09878213375194318
4.544087568564962,53.45985374782308,1.4887918707127876,0.08712056072225043
4.455371563950903,52.41613604648121,1.536233391374069,0.1283950446750276
4.36523719825348,51.35573174415858,1.4578210244486813,0.2969417772978386
4.129052018629038,48.57708257210632,1.9308629926545353,0.060084988716427715
4.252358975831061,50.027752656836014,1.6651853538076542,0.20245567036128476
4.127080790928187,48.553891657978674,1.7743739180034006,0.21854529106841175
3.7867186112751714,44.54963072088437,2.116341040256589,0.21694034846824028
4.343490603796857,51.09988945643361,1.5090029421690516,0.26750645403409096
4.137547341305779,48.67702754477387,1.7632716857996356,0.219180972894586
4.168531348518569,49.04154527668905,1.7372811846052012,0.21418746687623025
4.169628130005849,49.054448588304105,1.789124999229132,0.16124687076501915
4.482230665462658,52.732125476031264,1.3707979684562577,0.26697136608108474
4.161245682883259,48.95583156333247,1.7467719558884935,0.2119823612282476
4.318740632906342,50.80871332830989,1.7165015848361274,0.08475778225753162
4.1604937824917805,48.94698567637389,1.8294339842900462,0.13007223321817352
4.421983554656895,52.02333593713993,1.5036699173977366,0.19434652794536883
4.8185858784173545,56.689245628439465,1.1146814943977785,0.1867326271848665
4.759725498900457,55.99677057529951,1.2698487742063764,0.09042572689316704
4.5166870542220865,53.13749475555396,1.4860606807924843,0.11725226498542919
4.2598783162416005,50.116215485195305,1.7982583156567709,0.061863368101629304
4.098666460900479,48.21960542235858,1.9162773273840128,0.10505621171550804
4.086222659161112,48.07320775483661,1.975228555509291,0.05854878532959777
4.62860726434057,54.45420310988906,1.3454609624393092,0.1459317732201214
4.732383168439453,55.67509609928768,1.232715389822731,0.15490144173781573
4.339351551342995,51.05119472168229,1.6046679726559026,0.17598047600110256
4.150088824197889,48.8245744023281,1.7030072767934545,0.266903899008657
4.033375182309873,47.45147273305733,1.8113798413498956,0.27524497634023115
4.454898796165615,52.410574072536654,1.4221296197875473,0.24297158404683783
4.04930000804095,47.638823624011174,1.9507171885551928,0.11998280340385732
3.7898856787467463,44.586890338197016,2.0641978534552172,0.2659164677980372
4.393937834248951,51.693386285281775,1.478684104082746,0.2473780616683025
3.778059276221689,44.4477561908434,2.2177102691347095,0.12423045464360168
4.237358690498267,49.85127871174432,1.7761098078055682,0.10653150169616495
4.157873944612913,48.916164054269565,1.8383291205695937,0.12379693481749347
4.1428872237608,48.73984969130353,1.8798429681687623,0.09726980807043752
4.002693552932281,47.0905123874386,1.9413065771859281,0.17599986988179045
4.256692022217139,50.07872967314282,1.6028429252655476,0.260465052517313
4.003023477995497,47.09439385877056,2.040555672774581,0.0764208492299215
4.414750580501477,51.938242123546786,1.5250419838682943,0.18020743563022934
4.183877218632037,49.22208492508279,1.7523443419797669,0.18377843938819644
4.2918817956385595,50.492727007512464,1.64594893133073,0.18216927303071107
4.296947735135918,50.552326295716675,1.5953536012278304,0.22769866363625152
4.050013286736393,47.64721513807521,1.8905197376645686,0.17946697559903863
4.842239889504126,56.96752811181325,1.112918380118275,0.16484173037759964
3.711038809512842,43.65928011191579,2.113202629374608,0.29575856111255044
4.123988179976606,48.51750799972477,1.929351904713384,0.06665991531001088
4.713784874378215,55.4562926397437,1.197942223959472,0.20827290166231366
4.241091513845004,49.89519428052946,1.6052769052373888,0.2736315809176069
4.230454804967499,49.7700565290294,1.7239671700875354,0.16557802494496587
4.4696414131566655,52.584016625372534,1.5131443590944398,0.13721422774889425
4.289670386341447,50.46671042754644,1.6227112371705192,0.20761837648803405
4.494224957747774,52.873234797032644,1.4695265858068418,0.1562484564453835
4.373768313869617,51.45609781023078,1.5521513481305707,0.1940803379998126
4.0558384175623425,47.715746088968736,1.9609110581566025,0.10325052428105468
4.604730055376096,54.17329476913054,1.2192978993033459,0.2959720453205588
4.450371345361211,52.35730994542601,1.48009899895019,0.1895296556885987
3.9975809839090637,47.03036451657722,1.899812588273725,0.22260642781721152
5.077699226472672,59.73763795850202,0.9753848523950979,0.06691592113223098
4.390584712686112,51.653937796307204,1.6747574867681483,0.05465780054573939
5.031716501725454,59.196664726181815,1.0183091427797344,0.06997435549481183
4.546926039052738,53.49324751826751,1.3122809372664166,0.26079302368084567
4.394046890182612,51.69466929626603,1.6601287320567253,0.06582437776066168
4.512802111568303,53.09178954786239,1.4742504088004484,0.1329474796312487
4.291694343659951,50.49052169011708,1.5698187413892917,0.2584869149507574
4.182476075001207,49.20560088236714,1.7168215521679056,0.2207023728308869
4.130018435300187,48.58845218000219,1.726575619225187,0.2634059454746267
4.113265216440902,48.391355487540025,1.9451190942825314,0.06161568927656684
4.200807830473723,49.421268593808506,1.7204843806019157,0.19870778892436108
4.098425763918642,48.21677369316049,1.828287044429602,0.19328719165175667
4.079325202777745,47.99206120914994,1.8295590217355888,0.21111577548666677
4.39309741727646,51.683499026781874,1.6315590324617,0.09534355026184062
4.150246636586435,48.826431018663946,1.8720132599732358,0.0977401034403287
4.157659751548952,48.91364413587002,1.7303757975868337,0.2319644508642149
3.9392797761334464,46.34446795451113,1.9352301744200375,0.24549004944651637
4.778391796927007,56.2163740814942,1.2177510298753151,0.12385717319767801
4.510320610646833,53.0625954193745,1.418681174570047,0.19099821478312018
4.037923620049883,47.504983765292735,1.9041599686285537,0.17791641132156333
4.508330890492963,53.03918694697604,1.5238157004660506,0.08785340904098661
4.4056585843697125,51.83127746317309,1.5875130942432811,0.12682832138700617
4.606250136569603,54.19117807728945,1.3758353944833475,0.13791446894704973
4.617666692859658,54.325490504231276,1.3162216786921093,0.18611162844823276
4.632437208383155,54.49926127509593,1.3520247904170992,0.13553800119974663
4.265117556185492,50.17785360218227,1.7120942063654385,0.14278823744906993
4.478342376406837,52.68638089890396,1.4155548468275871,0.2261027767655766
4.315333270293268,50.768626709332565,1.5967644684899105,0.20790226121682193
4.182135968934275,49.20159963452088,1.688616982034827,0.2492470490308984
3.980762846453951,46.83250407592883,2.0525439540819144,0.0866931994641345
4.185832203044326,49.24508474169795,1.8381608964015625,0.09600690055411203
4.277060122032898,50.31835437685762,1.6322152413661326,0.21072463660096874
4.249225441394353,49.99088754581592,1.6728014605984738,0.19797309800717305
4.154445705876536,48.8758318338416,1.7613625596703295,0.20419173445313493
4.30108193706459,50.60096396546577,1.5443552139553394,0.27456284898007055
4.023443534570553,47.33462981847709,1.9110625701220545,0.18549389530739246
4.367142744095867,51.37814993053961,1.4778562625832052,0.2750009933209279
4.16442427855048,48.99322680647624,1.7190981277439594,0.23647759370556115
4.70728136360907,55.379780748342,1.1907154813997511,0.22200315499117912
4.674338232408376,54.99221449892207,1.2308682486555762,0.21479351893604837
4.115638365615336,48.41927488959219,1.8280531688517825,0.17630846553288243
4.2155586097026445,49.59480717297229,1.7893457776585544,0.11509561263880154
4.991174579360876,58.71970093365736,1.0692445323080544,0.059580888331070794
4.335983979750592,51.011576232359914,1.7123170640917713,0.07169895615763643
4.013631730927941,47.21919683444636,1.8409925901239452,0.2653756789481147
4.6896594774201965,55.172464440237604,1.3612573760671272,0.06908314651267693
4.365128565349456,51.3544537099936,1.6508228552117283,0.10404857943881686
4.1971245669186725,49.37793608139614,1.734784358141988,0.18809107493934007
4.065856279816006,47.83360329195301,1.82074875166941,0.2333949685145834
4.151426734200173,48.84031452000204,1.715289764126886,0.25328350167294117
4.694029123537177,55.22387204161385,1.3368954687309729,0.0890754077318497
4.586858030619634,53.96303565434864,1.44208044219632,0.0910615271840456
3.986043877912284,46.894633857791575,1.9407155160460194,0.19324060604169685
4.1811700723356235,49.190236145124985,1.73302612941584,0.20580379824853712
4.435034696516747,52.17687878254998,1.612607580595835,0.07235772288741794
4.634592052120362,54.524612377886605,1.3596784172745733,0.12572953060506487
3.9674098554854518,46.67541006453473,1.9637421859106936,0.18884795860385434
5.00549990387523,58.88823416323801,1.0162628966578604,0.09823719946691019
4.026247480888206,47.367617422214195,1.982226533518299,0.11152598559349498
4.715588854599878,55.47751593646916,1.2467087169068491,0.1577024284932721
4.5514197985884355,53.54611527751101,1.2910733446519709,0.2775068567595939
4.581513953233677,53.90016415569032,1.4141478544854449,0.12433819228087854
4.319425426096771,50.81676971878554,1.7015385299814185,0.09903604392181024
4.228763164400826,49.750154875303835,1.6154138935473765,0.27582294205179736
4.703557068817341,55.33596551549813,1.3420050991257018,0.07443783205695693
4.571081206344915,53.777425956999004,1.4138254778512476,0.13509331580383777
4.202837593767744,49.44514816197346,1.768537752594306,0.14862465363795002
4.22596105171928,49.71718884375624,1.616066617848192,0.27797233043252767
4.7766134222945515,56.195452026994715,1.251232848155949,0.09215372954949964
4.361972400533613,51.31732235921898,1.517922907211948,0.24010469225443903
4.354115737681518,51.22489103154727,1.5138995869239134,0.25198467539456854
4.0669263545719545,47.846192406728875,1.8919715299627708,0.16110211546527442
4.595811827196226,54.06837443760265,1.3852694383480213,0.13891873445575353
4.039441974656263,47.52284676066192,1.8643659514671425,0.21619207387659423
4.000475075087425,47.06441264808735,1.9079797726254712,0.2115451522871043
4.2881511257271665,50.44883677326079,1.6941614807958205,0.1376873934770137
4.59866869843471,54.10198468746717,1.4549022132263074,0.06642908833898241
4.468988452237729,52.57633473220857,1.512452727498962,0.13855882026330985
4.736187830737123,55.719856832201444,1.3295001187959616,0.0543120504669153
4.0293567456169965,47.40419700725878,1.8516887371954642,0.2389545171875394
4.446181574916257,52.308018528426544,1.4825296990091035,0.19128872607463981
4.103789933131953,48.27988156625827,1.7162220673049775,0.2999879995630695
4.184030135294074,49.22388394463616,1.7684262375188127,0.16754362718711385
4.394163841233639,51.69604519098399,1.5605604091537435,0.16527574961261782
4.1027352411544316,48.26747342534625,1.8500841705635327,0.16718058828203536
4.43205109348733,52.14177757043919,1.5164977232439003,0.17145118326876901
4.247077935718302,49.96562277315649,1.6350692854336246,0.2378527788480735
4.472530950620042,52.6180111837652,1.480767021643617,0.16670202773634085
4.239599796798182,49.87764466821391,1.7801972890575573,0.10020291414426095
3.7281758334609854,43.860892158364535,2.164251803470172,0.22757236306884288
4.515033148598891,53.11803704233989,1.5466148635898285,0.05835198781128091
4.132191770208775,48.614020825985584,1.846142205339403,0.1416660244518228
4.239954444788456,49.881816997511244,1.7364956968528835,0.14354985835866052
4.091078497812683,48.130335268384506,1.8329652629605266,0.19595623922679
4.229072174384163,49.7537902868725,1.7792033619815386,0.11172446363429868
4.470981819590157,52.59978611282538,1.5715472324066462,0.07747094800319694
4.420706796928252,52.00831525797944,1.5802574038716808,0.11903579920006747
5.079144725914755,59.754643834291244,0.880569890190379,0.16028538389486646
4.05176933473981,47.66787452635071,1.8331538800550116,0.23507678520517838
3.7911832976453423,44.60215644288638,2.209298189498022,0.11951851285663552
4.532466761892134,53.32313837520157,1.3217106209860319,0.2658226171218349
4.218216912577578,49.6260813244421,1.8016110661428197,0.10017202127960247
4.377722172499204,51.50261379410828,1.611490020600143,0.13078780690065372
4.0927375071154195,48.14985302488729,1.78978358042736,0.23747891245721986
4.168582103032327,49.042142388615616,1.8319532044330678,0.11946469253460522
4.1873252088262305,49.26264951560271,1.6681391765078912,0.264535614665879
3.9629953365319848,46.623474547435116,2.071588809411267,0.08541585405674824
4.37769080813625,51.502244801602934,1.5898875072385843,0.15242168462516598
4.131131738880108,48.60154986917774,1.885377400855615,0.1034908602642776
4.417619578429235,51.97199504034394,1.6220340196118082,0.08034640195895647
4.011717735418012,47.1966792402119,1.8451549794063806,0.2631272851756076
4.163236659741138,48.97925482048397,1.8969440475692005,0.05981929268966228
4.573706581365796,53.80831272195054,1.2781757716491828,0.26811764698502105
4.755266404320509,55.944310639064824,1.1327839430712983,0.23194965260819245
4.275039792356125,50.294585792425,1.622275163485555,0.22268504415831974
4.044900033917269,47.58705922255611,1.8309401722038754,0.24415979387885584
4.147848897771562,48.79822232672426,1.8290339234595214,0.14311717876891739
3.9215883892547962,46.136333991232895,1.9827941932588684,0.21561741748633545
4.300748869006393,50.597045517722265,1.5323375648705106,0.2869135661230975
4.428500869915919,52.10001023430494,1.6218597092621612,0.06963942082191886
4.370721105911526,51.420248304841486,1.6211531291031875,0.12812576498528694
4.581223388267666,53.89674574432548,1.3882925508034623,0.15048406092887257
4.5732704314526105,53.8031815465013,1.3349042562256697,0.21182531232171986
3.702228487672875,43.5556292667397,2.180273704038745,0.2374978082883799
4.307559546663316,50.67717113721548,1.7139399504132196,0.09850050292346528
3.9671982478159995,46.67292056254117,2.015901688101936,0.13690006408206462
4.588811631720461,53.9860191967113,1.2502633355190524,0.2809250327604873
4.28125615633617,50.367719486307884,1.6512685039095159,0.18747533975431413
4.482289086353364,52.73281278062781,1.5214749000708259,0.11623601357581072
4.4116804148845805,51.90212252805389,1.413796260894837,0.29452332422058286
3.966026811786884,46.65913896219864,2.0978106653638617,0.05616252284925409
4.42095450061344,52.01122941898164,1.4709410945322305,0.22810440485432948
4.943253776807339,58.155926785968695,1.085604044149391,0.0911421790432702
3.9333946337955044,46.27523098582947,2.0313931119639586,0.1552122542405373
4.449811667130781,52.35072549565625,1.4825253969503296,0.18766293591888927
4.556563157852517,53.606625386500205,1.3408594834975773,0.22257735864990535
3.9913164884543098,46.956664570050705,1.8601492778136761,0.2685342337320146
4.504970528114394,52.999653271934044,1.562849234970689,0.052180236914916536
4.461028918920881,52.482693163775075,1.528327290377596,0.13064379070152338
4.460919824786782,52.481409703373906,1.542111058509522,0.11696911670369638
4.119758630256361,48.4677485912513,1.9438850232528695,0.05635634649076972
4.368893375323567,51.39874559204196,1.6209317625413366,0.13017486213509677
4.247864456485806,49.97487595865655,1.6532488439030137,0.21888669961118024
4.363749580162386,51.338230354851596,1.5670284738015015,0.18922194603611253
3.5920218985994152,42.25908115999312,2.2332780822439435,0.2947000191566412
4.427514241316116,52.08840283901313,1.629415215378606,0.06307054330527782
4.56449130282927,53.69989768034436,1.403690471377777,0.15181822579295262
4.432390561264893,52.14577130899875,1.530417709133363,0.15719172960174443
4.008912604151918,47.16367769590492,1.96169500546907,0.14939239037901147
3.9485690498543797,46.45375352769858,1.8720933863702403,0.29933756377537996
4.3509556258938655,51.18771324581019,1.5723271917455979,0.19671718236053665
4.1698815683627,49.05743021603177,1.6829893102085962,0.2671291214287032
4.244651676543663,49.937078547572504,1.7005623198635473,0.1747860035927895
4.333115979305751,50.9778350506559,1.6849673994135583,0.10191662128069014
4.439027937929605,52.22385809328948,1.575590580014191,0.10538148205620461
4.461164745512665,52.48429112367842,1.596572269873756,0.06226298461357903
4.377806431578007,51.503605077388315,1.5553072458467205,0.1868863225752722
4.551548875014254,53.547633823697105,1.3407358339716184,0.22771529101412774
4.337388654502403,51.02810181767533,1.6707473232905137,0.1118640222070831
4.321363866767038,50.839574903141624,1.544771727566211,0.2538644056667509
4.214601704790854,49.5835494681277,1.633485785132272,0.2719125100768747
4.172397158618892,49.087025395516385,1.7241849651882661,0.2234178761928411
4.515760238079715,53.12659103623194,1.5495031392575758,0.05473662266270869
3.8369863173014616,45.141015497664256,1.9853414703449854,0.29767221235355334
3.960056494367434,46.58889993373452,2.1056591735329717,0.05428433209959503
4.300468550733986,50.59374765569395,1.618215963512773,0.2013154857532417
4.21398190126141,49.57625766189894,1.6630232797128175,0.24299481902577263
4.198049205651903,49.38881418414003,1.624329121911972,0.2976216724361247
4.277885828633186,50.328068572155125,1.5754443849020678,0.2666697864647471
4.179974699751352,49.17617293825119,1.697767421279874,0.24225787896877493
4.434237123584121,52.167495571577895,1.6149679790752425,0.070794897340637
4.504590821038194,52.9951861298611,1.4028924021938467,0.21251677676795905
4.39574844567437,51.71468759616905,1.4370686718619903,0.2871828824636408
4.456288100153659,52.42691882533717,1.5102280716484466,0.15348382819789413
4.470338259991577,52.59221482343032,1.50276932272519,0.14689241728323305
4.020067993765902,47.29491757371649,1.8488257968945203,0.2511062093395775
4.36591397261176,51.363693795432475,1.4746909265261121,0.27939510086212777
3.6944011673768777,43.46354314561033,2.159448021499553,0.2661508111235695
4.081710273251431,48.02012086178154,1.9080114692189905,0.1302782575295786
4.060984714596055,47.77629075995358,1.764525488642944,0.29448979676100173
4.34074313031614,51.06756623901341,1.635969133034654,0.14328773664920608
4.216858532937802,49.61010038750355,1.6138126881033328,0.2893287789588655
4.257400957302927,50.08707008591679,1.7025393980794565,0.16005964461761624
4.003329579098508,47.09799504821774,1.9870831584032607,0.12958726249823171
4.428781854371609,52.103315933783634,1.4260949790251953,0.2651231666031962
4.213896189181374,49.57524928448675,1.7064589280296902,0.19964488278893627
4.674046136019063,54.98877807081251,1.3304515188045434,0.11550234517639336
4.3966665835076615,51.7254892177372,1.625844080206168,0.0974893362861712
4.50701267118471,53.023678484526,1.5272624112021904,0.08572491761309999
4.670554400845769,54.94769883347964,1.38201637893643,0.06742922021780147
4.445526456803814,52.300311256515464,1.6188833791448418,0.055590164051343885
4.041418164383673,47.546096051572626,1.8181630160082074,0.2604188196081193
4.286214407884861,50.426051857468956,1.6561840000723145,0.17760159204282466
4.102220992335911,48.261423439246016,1.7226063433802572,0.2951726642838317
4.196976917615882,49.37619903077508,1.6378346434787814,0.28518843890533685
3.919360353117139,46.1101218013781,2.039320397399704,0.16131924948315784
4.660889448926061,54.83399351677719,1.3587487321455392,0.10036181892840056
4.425108255544574,52.060097124053804,1.5884010310386223,0.10649071341680426
4.191696924785572,49.31408146806555,1.7508213001875021,0.1774817750269253
4.465038855974172,52.52986889381379,1.5869425959280472,0.06801854809778095
4.671052145451337,54.953554652368666,1.3721259124349574,0.0768219421137059
4.36170156224402,51.314136026400234,1.6094512415656124,0.14884719619036746
3.819131735483365,44.93096159392194,2.1698469620607406,0.13102130245589444
4.501354858586048,52.95711598336526,1.421040208891821,0.19760493252213118
3.9253441699956175,46.180519647007266,1.9167177177620636,0.2779381122423192
3.915940944299855,46.06989346235124,2.0197035245830994,0.1843555311170456
4.294649628030986,50.525289741541016,1.5587049255490386,0.26664544641997556
4.5093640684819345,53.05134198214041,1.4236366065766046,0.1869993249414605
4.079464757029227,47.99370302387325,1.7434810497411775,0.2970541932295961
3.9360452638139534,46.30641486839945,1.9026907674232059,0.2812639687628411
4.213008425264202,49.56480500310826,1.715347549913431,0.19164402482236753
4.03700358402133,47.49415981201565,1.8273038818145535,0.25569253416411597
4.177188993299647,49.14339992117232,1.7404004510599742,0.20241055564037874
4.4061398160889675,51.83693901281138,1.6362741243119983,0.07758605959903415
4.3610852628639485,51.306885445458214,1.62920494441715,0.12970979271890237
4.510318731895749,53.06257331642058,1.5195436036236865,0.09013766448056383
4.554024161857801,53.5767548453859,1.4893121607946656,0.07666367734753397
4.637642226740781,54.56049678518566,1.2882905051580544,0.19406726810116415
4.106040275703919,48.30635618475199,1.7751194777493522,0.2388402465467288
4.370290926832819,51.41518737450376,1.6477189774799732,0.10199009568720856
4.152764852142774,48.85605708403263,1.6837024459046177,0.2835327019526093
4.568854127967291,53.7512250349093,1.4466036605500092,0.10454221148270011
4.521589532171296,53.19517096672113,1.4810317111577442,0.11737875667095989
4.323237760055167,50.861620706531376,1.683745037581994,0.11301720236283987
4.825896461439589,56.775252487524575,1.0312158627611712,0.2628876757992398
4.1182109802289055,48.44954094386948,1.7895629906774546,0.2122260290936393
4.031849510282656,47.43352365038419,1.9188101182763182,0.16934037144102582
4.98171249434493,58.608382286410944,1.0236476682250615,0.11463983743000881
4.316628888189162,50.78386927281366,1.5535354739734581,0.24983563783738022
4.401764467237893,51.7854643204458,1.6489252435381547,0.06931028922395312
4.017990208252861,47.27047303826895,1.8589176890635537,0.24309210268358517
4.4481161881271625,52.33077868384897,1.5784493939690014,0.09343441790383612
3.7731767984169062,44.390315275493016,2.050066966842373,0.29675623474072066
4.414004897316509,51.92946938019423,1.62701002821568,0.0789850744678109
4.265276227511869,50.179720323669045,1.792812040896869,0.06191173159126255
4.7974386145197245,56.44045428846734,1.1285646089925037,0.19399677648777253
4.52154715144494,53.19467236994048,1.3933119582552171,0.20514089029984267
4.4296165155218405,52.113135476727535,1.5990075118847271,0.09137597259343276
4.530613121989221,53.30133084693202,1.5103476850511028,0.07903919295967642
4.447737303571256,52.326321218485376,1.584905303623254,0.08735739280548911
4.503465444449723,52.981946405290856,1.4077687860626216,0.20876576948765635
4.697823833423015,55.26851568732959,1.3021924882166855,0.11998367836029976
4.574911554165328,53.82248887253327,1.4928508956704756,0.05223755016419655
4.4626792935308135,52.502109335656634,1.4808446447951147,0.1764760616740726
4.611198596691353,54.24939525519239,1.366793640086395,0.14200776322225206
4.530591353446192,53.30107474642578,1.5215346366851017,0.06787400986870663
4.48066019035024,52.71364929823812,1.3475360155597866,0.29180379408997315
3.994298290735713,46.99174459689074,1.9827696412407096,0.14293206802357733
4.605217186840896,54.17902572753995,1.4339205147950433,0.08086229836406046
4.516111518539516,53.13072374752371,1.5325540275851173,0.07133445387536712
4.425130806054486,52.060362424170414,1.470059978945433,0.22480921500008094
4.060976010430908,47.77618835801068,1.8776409878047557,0.18138300176433642
4.63251803462215,54.500212172025286,1.3856274748114177,0.10185449056643332
4.542404707340014,53.44005538047075,1.4360283874463207,0.14156690521366627
3.967583686172282,46.67745513143861,1.8969243615410343,0.2554919522866832
4.18787000218523,49.269058849238,1.7552939015200069,0.1768360962947627
4.341024452982812,51.070875917444845,1.7087855286623612,0.07019001835482604
3.9978237995092596,47.03322117069717,1.885238898474741,0.23693730201599955
4.107574007167798,48.32440008432704,1.9021108507688638,0.11031514206333777
4.391181688902534,51.66096104591216,1.6119632969443127,0.11685501415315362
4.014498764607742,47.22939723067932,1.874053866956197,0.23144736843606167
4.107753204303424,48.32650828592263,1.7392326422859183,0.2730141534106586
4.071582442924486,47.900969916758655,1.8768280273877056,0.1715895296878091
3.563281184920956,41.92095511671713,2.382293970759575,0.1744248443194692
4.05911079428215,47.75424463861353,1.7843137004392324,0.2765755052786187
4.349011103390626,51.164836510477954,1.643726059264403,0.12726283734497146
3.959762734339951,46.58544393341119,2.030320375192305,0.12991689046774463
3.651392004622115,42.957552995554295,2.3134204869584396,0.1551875084194454
4.365603389017432,51.360039870793315,1.5441735382892727,0.21022307269329565
4.418703626694771,51.98474854935024,1.6092130251820336,0.09208334812319573
4.444320028371267,52.28611798083844,1.4194375278188072,0.25624244380992567
4.363357220484453,51.333614358640624,1.5144085964567457,0.24223418305880184
3.9299346231904226,46.23452497871086,2.0600943109553973,0.12997106585418056
4.358886042454244,51.28101226416757,1.66765719798584,0.09345675955991616
4.327602057168384,50.91296537845158,1.6173614587620133,0.17503648406960298
4.061294345365275,47.77993347488559,1.7648037727319024,0.2939018819028228
4.3474995981150695,51.147054095471404,1.6970365261293998,0.075463875755531
4.075085648236392,47.942184096898735,1.8538137229648053,0.19110062879880324
4.448857381193118,52.33949860227198,1.537050551785493,0.13409206702138804
4.420838809391695,52.009868345784646,1.4622664174569049,0.23689477315140006
3.838636326624962,45.16042737205838,2.125494442322915,0.1558692310521233
4.60645200982491,54.19355305676364,1.3057787690324398,0.20776922114265045
4.6194845232984125,54.34687674468721,1.2976282691451373,0.20288720755645068
4.835357732903233,56.88656156356745,1.1693304678322851,0.115311799264481
4.472340267262346,52.61576785014525,1.4226305064060727,0.22502922633158173
4.484914703877518,52.76370239855903,1.447857848754713,0.18722744736776936
4.598284510940438,54.09746483459339,1.3755542305718162,0.14616125848774614
4.5503185552080625,53.53315947303603,1.449365827385596,0.12031561740634171
4.101802570063409,48.2565008242754,1.847853044025582,0.17034438591100887
3.8567852995472984,45.37394470055645,2.062882112003751,0.2003325884489502
4.2475356789612855,49.97100798777983,1.7810747323929155,0.09138958864579942
3.8098116389160537,44.821313399012396,2.2579509549477614,0.052237406136184925
3.9414822428856846,46.37037932806688,1.9991988485275662,0.17931890858674948
4.556403980017806,53.604752706091844,1.4682697000826586,0.0953263198995357
4.6404416219236815,54.59343084616096,1.2876547312605962,0.19190364681572247
4.559145725028139,53.637008529742815,1.2737855121972195,0.28706876277464205
4.021160465772449,47.307770185558226,2.018653101968201,0.08018643225935006
4.0909504129565395,48.12882838772399,1.8908564583739254,0.13819312866953515
4.2043584853922535,49.46304100461475,1.8486495301490933,0.06699198445865297
4.211865392048625,49.551357553513235,1.7413752753767047,0.16675933257467018
4.6521882863925,54.731626898735286,1.3074879446481917,0.16032376895930883
4.012481829682776,47.20566858450324,2.0421925356928425,0.0653256346243818
4.677396178737155,55.02819033808417,1.345306534944751,0.09729728631809416
4.2755197411405454,50.3002322487123,1.6295275026272318,0.21495275623222326
4.026444081078962,47.36993036563484,1.916104486290082,0.1774514326309567
4.220390953543867,49.65165827698667,1.6707941645570514,0.2288148818990814
4.3139447209928345,50.75229083520982,1.716765443471794,0.08928983553537122
4.028296438133874,47.39172280157499,1.9844467838096689,0.1072567780564571
3.9868494775613477,46.90411150072173,1.9663267767185904,0.16682374572006214
4.777721546610241,56.2084887836499,1.053650360460406,0.2886280929293534
4.378209451592786,51.5083464893269,1.5446834909497793,0.19710705745743384
4.4949614323015465,52.88189920354761,1.4368741987158906,0.1881643689825634
4.27812497303617,50.33088203571965,1.7170357947147847,0.12483923224904507
4.2904846053141386,50.47628947428399,1.5607703558351997,0.26874503885066103
4.184161254862737,49.2254265277969,1.6398835621631467,0.2959551829741172
4.112856639322469,48.386548697911394,1.7746578495176515,0.23248551115988042
4.590654794392853,54.007703463445324,1.4121762486282707,0.11716895697887712
4.02111706556881,47.30725959492718,1.8869793794669578,0.21190355496423247
4.2191896392551795,49.637525167708,1.8334468392420369,0.06736352150278353
4.598648206915714,54.1017436107731,1.394995149871883,0.12635664321240375
4.04421939421805,47.579051696682946,1.8653627049603942,0.21041790082155526
4.036355365282914,47.48653370921075,1.8362445318783798,0.24740010283870745
4.0787341436987035,47.98510757292592,1.7641263855538494,0.27713947074744766
4.024903845674749,47.351809949114696,1.8747336044724308,0.2203625498528199
4.481227153282037,52.720319450376905,1.4437885297653832,0.19498431695257978
4.157216005820766,48.908423597891364,1.830427163824553,0.13235683035468054
3.9583262544910656,46.56854417048312,1.9100530877897959,0.2516206577191393
4.292924416459754,50.50499313482063,1.757039351980264,0.07003623155998225
4.597000737300325,54.08236161529795,1.459277541011973,0.06372172168770197
4.684236697866145,55.10866703371935,1.2722948273852535,0.1634684747486025
4.563115652682592,53.68371356097167,1.4584285503227286,0.09845579699467984
4.225743465958287,49.714629011273956,1.6503268519084882,0.24392968213322475
4.047608005946696,47.618917717019954,1.7977866485299916,0.2746053455233123
4.230481242386154,49.770367557484164,1.837785510091453,0.05173324752239293
4.19294090658593,49.328716548069764,1.781919148001029,0.14513994541304026
4.100217208978415,48.237849517393116,1.861815138463255,0.15796765255833056
4.024288254362635,47.34456769838394,1.938479304423803,0.15723244121356234
4.416542662715973,51.95932544371733,1.5503559408929941,0.15310139639103237
4.127679421279841,48.56093436799813,1.7924670342564684,0.19985354446369075
4.288113633455268,50.44839568770904,1.624700322012284,0.20718604453244788
